1,"There are four roots of all things:","bright Zeus, life-giving Hera, Aidoneus",,,,,,,,
2,"and Nestis, who moistens","the wells of mortals with her tears.",,,,,,,,
3,"The interplay of these elements","constitutes the world,",,,,,,,,
4,"and their actions flow in eternity","as a circular course from shore to shore",,,,,,,,
5,"in two periods of fullness,","the realm of hatred and that of love.",,,,,,,,
6,"","",,,,,,,,
7,"I will tell you now about the fire of the sun","that shines on all things visible;",,,,,,,,
8,"earth, billowy sea, damp mist and Love,","binding all things in its embrace.",,,,,,,,
9,"Fixed around this enormous formation","of harmony, in the beginning,",,,,,,,,
10,"is a sphere,","rejoicing in complete solitude.",,,,,,,,
11,"","Then Strife approaches,",,,,,,,,
12,"nurtured within the four elements","that are driven on by a mighty oath.",,,,,,,,
13,"","",,,,,,,,
14,"Rage breaks the bonds of love","which hold the sphere captive,",,,,,,,,
15,"and a rift opens in the world's closed vessel","which is yet again filled with hatred.",,,,,,,,
16,"The air starts to move","and the sun burns the sweating ground.",,,,,,,,
17,"The oceans rise. Life's furrow is dug","by the ploughshare of love.",,,,,,,,
18,"The combined pressure","of the rivaling forces creates a vortex",,,,,,,,
19,"","and the elements are mixed.",,,,,,,,
20,"","",,,,,,,,
21,"Behold the sun, the hot flame of fire","raging on both sides of its orb,",,,,,,,,
22,"observe the wind","that moves the clouds,",,,,,,,,
23,"behold the raincloud filled with water,","dark and cold on both sides,",,,,,,,,
24,"and see the earth that gathers","all forms and solid bodies.",,,,,,,,
25,"See how they fight out of desire","for love, equal in strength.",,,,,,,,
26,"","",,,,,,,,
27,"Born first from the roots","of all things are plants,",,,,,,,,
28,"which are closest to the unity of the sphere,","for the sexes in them are still united.",,,,,,,,
29,"Then trees and wild beasts that have left the sea","from their lives as fish and lizard.",,,,,,,,
30,"Birds and gods leave the earth","for a life in heaven.",,,,,,,,
31,"Like a painter who blends his precious","colours to produce likenesses of all things,",,,,,,,,
32,"Love, through the four","combinations of the elements,",,,,,,,,
33,"creates the world's","endless variety.",,,,,,,,
34,"There is neither birth nor death","of any mortal thing,",,,,,,,,
35,"but only the mixing","and separation of substances.",,,,,,,,
36,"There is no age, no before","or after in this circle.",,,,,,,,
37,"Nothing is transient,","but is forever recurring.",,,,,,,,
38,"","",,,,,,,,
39,"Love and Strife","are the principles",,,,,,,,
40,"that either hold together or fill","the space between the four elements.",,,,,,,,
41,"As soon as Strife has reached","the centre of the vortex of love",,,,,,,,
42,"and gathered living","from what we have seen as dead,",,,,,,,,
43,"it departs just as quickly","to the outermost boundaries of the circle.",,,,,,,,
44,"In this way, all things have","power of thought and of choice.",,,,,,,,
45,"How, otherwise, would life","once have originated?",,,,,,,,
46,"","",,,,,,,,
47,"But from you, my sweet beloved,","this heart will have peace and solace.",,,,,,,,
48,"","",,,,,,,,
49,"Your beautiful sweet eyes are the stars","by which love guides me to the harbour.",,,,,,,,
50,"","",,,,,,,,
51,"But from you, my sweet beloved,","this heart will have peace and solace.",,,,,,,,
52,"","",,,,,,,,
53,"My fingers are as rough as crocodile skin;","they have a stench about them as of milt.",,,,,,,,
54,"If poverty is plainness but well-being,","I choose it over abundance and melancholy.",,,,,,,,
55,"","",,,,,,,,
56,"I must succeed with my experiments soon","if I'm to pay off all my debts.",,,,,,,,
57,"They keep me under close watch,","throw suspicion on my work",,,,,,,,
58,"","and are stingy with payments.",,,,,,,,
59,"They threaten me with the bailiffs","and have already taken all my furniture.",,,,,,,,
60,"I must keep the furnaces burning","and coal costs money.",,,,,,,,
61,"Now I must use fire wood and the smoke","makes me cough and feel dizzy.",,,,,,,,
62,"","",,,,,,,,
63,"Gold will free mankind","from the bonds of the tyranny of money.",,,,,,,,
64,"Only a few line their pockets","at the useful mob's expense.",,,,,,,,
65,"We have inherited a world","of tyrants and slaves.",,,,,,,,
66,"The root of all evil","is selfishness and greed.",,,,,,,,
67,"Each and everyone believes only","in what lies closest to himself,",,,,,,,,
68,"driven in all directions he boasts","about having discovered everything.",,,,,,,,
69,"Money has become","one commodity among many.",,,,,,,,
70,"We must turn things","upside down in protest",,,,,,,,
71,"so that the farmer, the fisherman and the miner","are placed at the top of the pyramid.",,,,,,,,
72,"","",,,,,,,,
73,"Alas, if only I could sing and dance","on the ruins of revolution.",,,,,,,,
74,"In my dreams I see how the divine plans","spread across the world",,,,,,,,
75,"like the cornerstones","of a New Jerusalem.",,,,,,,,
76,"Though of this I dare say nothing,","it remains my secret.",,,,,,,,
77,"The king wants the gold","for other purposes",,,,,,,,
78,"and consults the fortune-teller","who only sees sudden death.",,,,,,,,
79,"In a purple silk pouch","lies the key to the shrine.",,,,,,,,
80,"","A talisman is worn around the neck.",,,,,,,,
81,"","",,,,,,,,
82,"The company is on my trail,","watching every step I take.",,,,,,,,
83,"They try to see in their mirrors","how far I have come.",,,,,,,,
84,"If they were to interrogate me,","I do not know if I could hold back the truth.",,,,,,,,
85,"Their mesmerist would surely","induce sleep-talking",,,,,,,,
86,"that would make me","a laughing stock.",,,,,,,,
87,"","",,,,,,,,
88,"What power art thou,","who from below",,,,,,,,
89,"hast made me rise,","unwillingly and slow,",,,,,,,,
90,"from beds","of everlasting snow!",,,,,,,,
91,"","",,,,,,,,
92,"See'st thou not how stiff","and wondrous old,",,,,,,,,
93,"far unfit","to bear the bitter cold.",,,,,,,,
94,"","",,,,,,,,
95,"I can scarcely move","or draw my breath.",,,,,,,,
96,"","",,,,,,,,
97,"Let me, let me","freeze again...",,,,,,,,
98,"Let me, let me","freeze again to death!",,,,,,,,
99,"","",,,,,,,,
100,"It is the possibility to make our dreams","come true that makes life thrilling.",,,,,,,,
101,"Imagine that we are in a magical theatre","where thoughts of time and space can travel.",,,,,,,,
102,"A box of magic with papier-mache consoles,","plaster columns and painted ceiling roses",,,,,,,,
103,"with shadows that make us believe","we are in a hall of gold and marble.",,,,,,,,
104,"","Nothing is what it seems.",,,,,,,,
105,"Below the stage, a gigantic loom stands","always ready to create new patterns and habitats.",,,,,,,,
106,"The rolling thunder is the sound","of stones tumbling around inside a barrel.",,,,,,,,
107,"","The waves are hand-driven cylinders.",,,,,,,,
108,"","We can call it a waiting room.",,,,,,,,
109,"We need workshops, administration,","libraries, all sciences and arts.",,,,,,,,
110,"With the help of alchemy we can","recreate mankind in its purest form.",,,,,,,,
111,"","",,,,,,,,
112,"No longer shall man feel","the burden of his toils,",,,,,,,,
113,"with strength of arms plough the fields","or stormy seas for futile gain,",,,,,,,,
114,"but see flowers of gold blazing","by the sea shore, fragrantly,",,,,,,,,
115,"from splendid tall trees","or the depths of the well.",,,,,,,,
116,"Towards the sky,","where Zeus' bird is soaring,",,,,,,,,
117,"towards the goal","aim your life's bow.",,,,,,,,
118,"Become who you are,","and the home of gods awaits you.",,,,,,,,
119,"Behind the temple walls of king Nebuchadnezzar,","at the mighty tower of Baal,",,,,,,,,
120,"Semiramis is waiting","on the eighth level.",,,,,,,,
121,"","Down below man seems ant-like.",,,,,,,,
122,"","",,,,,,,,
123,"We sense cosmic spasms,","trials of strength between peoples.",,,,,,,,
124,"Clashes between human ants","of all colours and religions",,,,,,,,
125,"where the flower of culture","has bloomed",,,,,,,,
126,"only to be suddenly snapped,","extinguished and trampled underfoot.",,,,,,,,
127,"","",,,,,,,,
128,"In the quiet dwelling behind 'Little China'","from the bosom of the rock gold I wrest.",,,,,,,,
129,"Hard is your heart","as the weathered stone.",,,,,,,,
130,"Virtue's noble treasures there are grown","until that tryst upon the day of test,",,,,,,,,
131,"when stars and planets","from th'heavens dive",,,,,,,,
132,"to seek earth's gold in fire","I then shall strive.",,,,,,,,
133,"","",,,,,,,,
134,"Fierce Furies from the horrid abyss,","spew over me your black venom!",,,,,,,,
135,"","",,,,,,,,
136,"May the earth crumble","and the sun be eclipsed",,,,,,,,
137,"by the wrath","that fills my breast!",,,,,,,,
138,"","",,,,,,,,
139,"This is the powder","that turns into gold.",,,,,,,,
140,"It has the scarlet colour","of the winged lion,",,,,,,,,
141,"the pure and Tyrian crimson,","like the hue of a truly red pomegranate.",,,,,,,,
142,"A colour whose radiant","and dusky sheen",,,,,,,,
143,"seems to let mankind be part","of something beyond heaven.",,,,,,,,
144,"An elixir of life prepared","from the very roots of all things.",,,,,,,,
145,"","",,,,,,,,
146,"What good is your knowledge","if you do not know yourself?",,,,,,,,
147,"Why seek the truth","in the heavenly expanses",,,,,,,,
148,"as a pretext","to avoid philosophising?",,,,,,,,
149,"Knowledge does not only","make the brain grow.",,,,,,,,
150,"The volcano awakens and its sulphur","penetrates the metal sheath's soft mercury.",,,,,,,,
151,"This hot flame then smelts together","into an androgynous being",,,,,,,,
152,"whose sweaty cinnabar skin","secretes crystals of salt.",,,,,,,,
153,"I am a coryphaeus,","a star dancer in God's honour.",,,,,,,,
154,"For I was at some time a boy","and a girl, a tree and a bird,",,,,,,,,
155,"","and a mute fish in the sea.",,,,,,,,
156,"","",,,,,,,,
157,"","Look at the sword!",,,,,,,,
158,"","The point has turned to gold!",,,,,,,,
159,"","",,,,,,,,
160,"","We perceive but fragments of life",,,,,,,,
161,"before we whirl away","like smoke at approaching death.",,,,,,,,
162,"The night is the horizon","of the spheres",,,,,,,,
163,"and I am getting closer","to the prism of light.",,,,,,,,
164,"To the elements whence it came,","everything shall return.",,,,,,,,
165,"Our bodies to earth, our blood to water,","our heat to fire and our breathing to air.",,,,,,,,
166,"","One day, so shall I.",,,,,,,,
167,"","",,,,,,,,
168,"Long years ago, as now,","I heard the nightingale.",,,,,,,,
169,"Its song was truly sweet;","then, we were together.",,,,,,,,
170,"I sing and cannot weep,","and thus, alone, I spin",,,,,,,,
171,"the threads so bright and clean","as long as the moon shines.",,,,,,,,
172,"And when we were together,","then sang the nightingale.",,,,,,,,
173,"Now her song reminds me","that you are gone from me.",,,,,,,,
174,"","",,,,,,,,
175,"Whenever the moon shines,","I think of you alone.",,,,,,,,
176,"My heart is bright and clean,","God grant we be united!",,,,,,,,
177,"Since you have gone from me,","the nightingale always sings.",,,,,,,,
178,"Her song makes me think","of how we were together.",,,,,,,,
179,"God grant we be united","where, so alone, I spin.",,,,,,,,
180,"The moon shines bright and clean,","I sing, and feel like weeping.",,,,,,,,
181,"","",,,,,,,,
182,"The spider can commence","its embalming act,",,,,,,,,
183,"I am numbed","by my own aether.",,,,,,,,
184,"My attire is dyed with purple","from the snail's mantle.",,,,,,,,
185,"You four elements","are the basis of my pyramid.",,,,,,,,
186,"","The music in my ear.",,,,,,,,
187,"In the triangle","I see nature's bosom.",,,,,,,,
188,"","",,,,,,,,
189,"Green meadows, pleasant forests,","all your beauty will decay.",,,,,,,,
190,"","",,,,,,,,
191,"Flowers fair,","streams clear and purling,",,,,,,,,
192,"your loveliness","oh, so soon will fade away.",,,,,,,,
193,"","",,,,,,,,
194,"And, transformed","each cherished object,",,,,,,,,
195,"to its former horrid appearance","all is destined to return one day.",,,,,,,,
